sequence_id	sequence	quality	sequence_aa	rev_comp	productive	vj_in_frame	stop_codon	complete_vdj	locus	locus_species	v_call	d_call	d2_call	j_call	c_call	sequence_alignment	quality_alignment	sequence_alignment_aa	germline_alignment	germline_alignment_aa	junction	junction_aa	np1	np1_aa	np2	np2_aa	np3	np3_aa	cdr1	cdr1_aa	cdr2	cdr2_aa	cdr3	cdr3_aa	fwr1	fwr1_aa	fwr2	fwr2_aa	fwr3	fwr3_aa	fwr4	fwr4_aa	v_score	v_identity	v_support	v_cigar	d_score	d_identity	d_support	d_cigar	d2_score	d2_identity	d2_support	d2_cigar	j_score	j_identity	j_support	j_cigar	c_score	c_identity	c_support	c_cigar	v_sequence_start	v_sequence_end	v_germline_start	v_germline_end	v_alignment_start	v_alignment_end	d_sequence_start	d_sequence_end	d_germline_start	d_germline_end	d_alignment_start	d_alignment_end	d2_sequence_start	d2_sequence_end	d2_germline_start	d2_germline_end	d2_alignment_start	d2_alignment_end	j_sequence_start	j_sequence_end	j_germline_start	j_germline_end	j_alignment_start	j_alignment_end	c_sequence_start	c_sequence_end	c_germline_start	c_germline_end	c_alignment_start	c_alignment_end	cdr1_start	cdr1_end	cdr2_start	cdr2_end	cdr3_start	cdr3_end	fwr1_start	fwr1_end	fwr2_start	fwr2_end	fwr3_start	fwr3_end	fwr4_start	fwr4_end	v_sequence_alignment	v_sequence_alignment_aa	d_sequence_alignment	d_sequence_alignment_aa	d2_sequence_alignment	d2_sequence_alignment_aa	j_sequence_alignment	j_sequence_alignment_aa	c_sequence_alignment	c_sequence_alignment_aa	v_germline_alignment	v_germline_alignment_aa	d_germline_alignment	d_germline_alignment_aa	d2_germline_alignment	d2_germline_alignment_aa	j_germline_alignment	j_germline_alignment_aa	c_germline_alignment	c_germline_alignment_aa	junction_length	junction_aa_length	np1_length	np2_length	np3_length	n1_length	n2_length	n3_length	p3v_length	p5d_length	p3d_length	p5d2_length	p3d2_length	p5j_length	v_frameshift	j_frameshift	d_frame	d2_frame	consensus_count	duplicate_count	umi_count	cell_id	clone_id	repertoire_id	sample_processing_id	data_processing_id	rearrangement_id	rearrangement_set_id	germline_database	p_gen	from_default_model	my_signal	my_signal_positions	signals_aggregated	original_sequence	original_p_gen
									TRB		TRBV7-4*01			TRBJ2-7*01								CASSSPAQAAAYF												ASSSPAQAAAY									-1.0	-1.0	-1.0		-1.0	-1.0	-1.0		-1.0	-1.0	-1.0		-1.0	-1.0	-1.0		-1.0	-1.0	-1.0		-1	-1	-1	-1	-1	-1	-1	-1	-1	-1	-1	-1	-1	-1	-1	-1	-1	-1	-1	-1	-1	-1	-1	-1	-1	-1	-1	-1	-1	-1	-1	-1	-1	-1	-1	-1	-1	-1	-1	-1	-1	-1	-1	-1																					-1	-1	-1	-1	-1	-1	-1	-1	-1	-1	-1	-1	-1	-1			-1	-1	-1	-1	-1									-1.0	0	1	m0000000010000	my_signal	CASSSPAQDEQYF	-1.0
									TRB		TRBV5-6*01			TRBJ2-5*01								CASSPLALSAAAQYF												ASSPLALSAAAQY									-1.0	-1.0	-1.0		-1.0	-1.0	-1.0		-1.0	-1.0	-1.0		-1.0	-1.0	-1.0		-1.0	-1.0	-1.0		-1	-1	-1	-1	-1	-1	-1	-1	-1	-1	-1	-1	-1	-1	-1	-1	-1	-1	-1	-1	-1	-1	-1	-1	-1	-1	-1	-1	-1	-1	-1	-1	-1	-1	-1	-1	-1	-1	-1	-1	-1	-1	-1	-1																					-1	-1	-1	-1	-1	-1	-1	-1	-1	-1	-1	-1	-1	-1			-1	-1	-1	-1	-1									-1.0	0	1	m000000000100000	my_signal	CASSPLALSQETQYF	-1.0
									TRB		TRBV6-3*01			TRBJ1-5*01							TGTGCCAGCAGGCAAGGCAATCAGCCCCAGCATTTT	CASRQGNQPQHF											GCCAGCAGGCAAGGCAATCAGCCCCAGCAT	ASRQGNQPQH									-1.0	-1.0	-1.0		-1.0	-1.0	-1.0		-1.0	-1.0	-1.0		-1.0	-1.0	-1.0		-1.0	-1.0	-1.0		-1	-1	-1	-1	-1	-1	-1	-1	-1	-1	-1	-1	-1	-1	-1	-1	-1	-1	-1	-1	-1	-1	-1	-1	-1	-1	-1	-1	-1	-1	-1	-1	-1	-1	-1	-1	-1	-1	-1	-1	-1	-1	-1	-1																					-1	-1	-1	-1	-1	-1	-1	-1	-1	-1	-1	-1	-1	-1			-1	-1	-1	-1	-1									-1.0	1	0	m000000000000	no_signal	-1.0	-1.0
									TRB		TRBV13*01			TRBJ1-5*01							TGTGCCAGCAGCCGAGGAGCCAATCAGCCCCAGCATTTT	CASSRGANQPQHF											GCCAGCAGCCGAGGAGCCAATCAGCCCCAGCAT	ASSRGANQPQH									-1.0	-1.0	-1.0		-1.0	-1.0	-1.0		-1.0	-1.0	-1.0		-1.0	-1.0	-1.0		-1.0	-1.0	-1.0		-1	-1	-1	-1	-1	-1	-1	-1	-1	-1	-1	-1	-1	-1	-1	-1	-1	-1	-1	-1	-1	-1	-1	-1	-1	-1	-1	-1	-1	-1	-1	-1	-1	-1	-1	-1	-1	-1	-1	-1	-1	-1	-1	-1																					-1	-1	-1	-1	-1	-1	-1	-1	-1	-1	-1	-1	-1	-1			-1	-1	-1	-1	-1									-1.0	1	0	m0000000000000	no_signal	-1.0	-1.0
									TRB		TRBV3-1*01			TRBJ2-4*01							TGTGCCAGCACCTGTAGCGGGCCAAACAAAAACATTCAGTACTTC	CASTCSGPNKNIQYF											GCCAGCACCTGTAGCGGGCCAAACAAAAACATTCAGTAC	ASTCSGPNKNIQY									-1.0	-1.0	-1.0		-1.0	-1.0	-1.0		-1.0	-1.0	-1.0		-1.0	-1.0	-1.0		-1.0	-1.0	-1.0		-1	-1	-1	-1	-1	-1	-1	-1	-1	-1	-1	-1	-1	-1	-1	-1	-1	-1	-1	-1	-1	-1	-1	-1	-1	-1	-1	-1	-1	-1	-1	-1	-1	-1	-1	-1	-1	-1	-1	-1	-1	-1	-1	-1																					-1	-1	-1	-1	-1	-1	-1	-1	-1	-1	-1	-1	-1	-1			-1	-1	-1	-1	-1									-1.0	1	0	m000000000000000	no_signal	-1.0	-1.0
									TRB		TRBV14*01			TRBJ2-7*01							TGTGCCAGCAGCCAAGCCTTTGGGGACAGGGGGGCAAACGAGCAGTACTTC	CASSQAFGDRGANEQYF											GCCAGCAGCCAAGCCTTTGGGGACAGGGGGGCAAACGAGCAGTAC	ASSQAFGDRGANEQY									-1.0	-1.0	-1.0		-1.0	-1.0	-1.0		-1.0	-1.0	-1.0		-1.0	-1.0	-1.0		-1.0	-1.0	-1.0		-1	-1	-1	-1	-1	-1	-1	-1	-1	-1	-1	-1	-1	-1	-1	-1	-1	-1	-1	-1	-1	-1	-1	-1	-1	-1	-1	-1	-1	-1	-1	-1	-1	-1	-1	-1	-1	-1	-1	-1	-1	-1	-1	-1																					-1	-1	-1	-1	-1	-1	-1	-1	-1	-1	-1	-1	-1	-1			-1	-1	-1	-1	-1									-1.0	1	0	m00000000000000000	no_signal	-1.0	-1.0
									TRB		TRBV24-1*01			TRBJ2-3*01							TGTGCCACCAGTGACCGCAGCAGGGGCACAGATACGCAGTATTTT	CATSDRSRGTDTQYF											GCCACCAGTGACCGCAGCAGGGGCACAGATACGCAGTAT	ATSDRSRGTDTQY									-1.0	-1.0	-1.0		-1.0	-1.0	-1.0		-1.0	-1.0	-1.0		-1.0	-1.0	-1.0		-1.0	-1.0	-1.0		-1	-1	-1	-1	-1	-1	-1	-1	-1	-1	-1	-1	-1	-1	-1	-1	-1	-1	-1	-1	-1	-1	-1	-1	-1	-1	-1	-1	-1	-1	-1	-1	-1	-1	-1	-1	-1	-1	-1	-1	-1	-1	-1	-1																					-1	-1	-1	-1	-1	-1	-1	-1	-1	-1	-1	-1	-1	-1			-1	-1	-1	-1	-1									-1.0	1	0	m000000000000000	no_signal	-1.0	-1.0
									TRB		TRBV19*01			TRBJ2-1*01							TGTGCCAGTAGTACCCCTCCCAGGGGCAACTACAATGAGCAGTTCTTC	CASSTPPRGNYNEQFF											GCCAGTAGTACCCCTCCCAGGGGCAACTACAATGAGCAGTTC	ASSTPPRGNYNEQF									-1.0	-1.0	-1.0		-1.0	-1.0	-1.0		-1.0	-1.0	-1.0		-1.0	-1.0	-1.0		-1.0	-1.0	-1.0		-1	-1	-1	-1	-1	-1	-1	-1	-1	-1	-1	-1	-1	-1	-1	-1	-1	-1	-1	-1	-1	-1	-1	-1	-1	-1	-1	-1	-1	-1	-1	-1	-1	-1	-1	-1	-1	-1	-1	-1	-1	-1	-1	-1																					-1	-1	-1	-1	-1	-1	-1	-1	-1	-1	-1	-1	-1	-1			-1	-1	-1	-1	-1									-1.0	1	0	m0000000000000000	no_signal	-1.0	-1.0
									TRB		TRBV24-1*01			TRBJ1-4*01							TGTGCCACCAGTGTCGACTTAGAAAAACTGTTTTTT	CATSVDLEKLFF											GCCACCAGTGTCGACTTAGAAAAACTGTTT	ATSVDLEKLF									-1.0	-1.0	-1.0		-1.0	-1.0	-1.0		-1.0	-1.0	-1.0		-1.0	-1.0	-1.0		-1.0	-1.0	-1.0		-1	-1	-1	-1	-1	-1	-1	-1	-1	-1	-1	-1	-1	-1	-1	-1	-1	-1	-1	-1	-1	-1	-1	-1	-1	-1	-1	-1	-1	-1	-1	-1	-1	-1	-1	-1	-1	-1	-1	-1	-1	-1	-1	-1																					-1	-1	-1	-1	-1	-1	-1	-1	-1	-1	-1	-1	-1	-1			-1	-1	-1	-1	-1									-1.0	1	0	m000000000000	no_signal	-1.0	-1.0
									TRB		TRBV6-1*01			TRBJ2-5*01							TGTGCCAGCAGTGAAAGGCCAGGGAAGACAGGCCAAGAGACCCAGTACTTC	CASSERPGKTGQETQYF											GCCAGCAGTGAAAGGCCAGGGAAGACAGGCCAAGAGACCCAGTAC	ASSERPGKTGQETQY									-1.0	-1.0	-1.0		-1.0	-1.0	-1.0		-1.0	-1.0	-1.0		-1.0	-1.0	-1.0		-1.0	-1.0	-1.0		-1	-1	-1	-1	-1	-1	-1	-1	-1	-1	-1	-1	-1	-1	-1	-1	-1	-1	-1	-1	-1	-1	-1	-1	-1	-1	-1	-1	-1	-1	-1	-1	-1	-1	-1	-1	-1	-1	-1	-1	-1	-1	-1	-1																					-1	-1	-1	-1	-1	-1	-1	-1	-1	-1	-1	-1	-1	-1			-1	-1	-1	-1	-1									-1.0	1	0	m00000000000000000	no_signal	-1.0	-1.0
