features,coefficients
AAA,0.9285501872397902
ASS,-0.09737174813613081
SSY,-0.07071889451207213
AAS,0.02461681193676124
RIA,0.0
RGT,0.0
RGV,0.0
RGW,0.0
RGY,0.0
RHA,0.0
RHG,0.0
RID,0.0
RGR,0.0
RIG,0.0
RII,0.0
RIM,0.0
RIP,0.0
RIR,0.0
RKA,0.0
RGS,0.0
RGP,0.0
RGQ,0.0
RGE,0.0
RFE,0.0
RFG,0.0
RFL,0.0
RFQ,0.0
RGA,0.0
RGD,0.0
RGF,0.0
RKE,0.0
RGG,0.0
RGH,0.0
RGI,0.0
RGK,0.0
RGL,0.0
RGN,0.0
RKD,0.0
RKP,0.0
RKF,0.0
RNH,0.0
RMQ,0.0
RMR,0.0
RMT,0.0
RND,0.0
RNE,0.0
RNG,0.0
RNK,0.0
RLW,0.0
RNL,0.0
RNQ,0.0
RNS,0.0
RNT,0.0
RNV,0.0
RNY,0.0
RLY,0.0
RLT,0.0
REY,0.0
RLG,0.0
RKR,0.0
RKT,0.0
RKV,0.0
RKY,0.0
RLA,0.0
RLD,0.0
RLH,0.0
RLS,0.0
RLI,0.0
RLL,0.0
RLM,0.0
RLN,0.0
RLP,0.0
RLR,0.0
RFA,0.0
REV,0.0
RPF,0.0
RAP,0.0
QVR,0.0
QVT,0.0
QWA,0.0
QWN,0.0
QWT,0.0
QYN,0.0
QYS,0.0
RAA,0.0
RAD,0.0
RAF,0.0
RAG,0.0
RAH,0.0
RAI,0.0
RAK,0.0
RAL,0.0
QVQ,0.0
QVN,0.0
QVL,0.0
QRY,0.0
QRE,0.0
QRG,0.0
QRN,0.0
QRQ,0.0
QRR,0.0
QRT,0.0
QSG,0.0
QVK,0.0
QST,0.0
QTE,0.0
QTG,0.0
QTV,0.0
QVE,0.0
QVG,0.0
RAN,0.0
RAQ,0.0
RET,0.0
RAR,0.0
RDR,0.0
RDS,0.0
RDT,0.0
RDW,0.0
REA,0.0
REC,0.0
REE,0.0
REG,0.0
REH,0.0
REK,0.0
REN,0.0
REP,0.0
REQ,0.0
RER,0.0
RES,0.0
RDQ,0.0
RDP,0.0
RDN,0.0
RDA,0.0
RAS,0.0
RAT,0.0
RAV,0.0
RAY,0.0
RCP,0.0
RCS,0.0
RDD,0.0
RDM,0.0
RDE,0.0
RDF,0.0
RDG,0.0
RDH,0.0
RDI,0.0
RDL,0.0
RPA,0.0
RPG,0.0
QRA,0.0
RYG,0.0
SAY,0.0
SCA,0.0
SCP,0.0
SCQ,0.0
SCR,0.0
SCT,0.0
SCY,0.0
SDA,0.0
SDC,0.0
SDD,0.0
SDF,0.0
SDG,0.0
SDH,0.0
SDI,0.0
SDK,0.0
SAW,0.0
SAV,0.0
SAT,0.0
SAH,0.0
RYP,0.0
RYS,0.0
SAA,0.0
SAD,0.0
SAE,0.0
SAG,0.0
SAI,0.0
SAS,0.0
SAK,0.0
SAL,0.0
SAN,0.0
SAP,0.0
SAQ,0.0
SAR,0.0
SDL,0.0
SDP,0.0
SDQ,0.0
SFP,0.0
SFD,0.0
SFE,0.0
SFG,0.0
SFH,0.0
SFI,0.0
SFL,0.0
SFR,0.0
SEY,0.0
SFS,0.0
SFT,0.0
SFV,0.0
SGA,0.0
SGD,0.0
SGE,0.0
SFA,0.0
SET,0.0
SDR,0.0
SEG,0.0
SDS,0.0
SDT,0.0
SDV,0.0
SDY,0.0
SEA,0.0
SEE,0.0
SEH,0.0
SES,0.0
SEI,0.0
SEK,0.0
SEL,0.0
SEP,0.0
SEQ,0.0
SER,0.0
RYL,0.0
RYE,0.0
RPL,0.0
RWS,0.0
RRG,0.0
RRK,0.0
RRL,0.0
RRN,0.0
RRP,0.0
RRQ,0.0
RRR,0.0
RRS,0.0
RRT,0.0
RRV,0.0
RRY,0.0
RSA,0.0
RSE,0.0
RSG,0.0
RSI,0.0
RRF,0.0
RRE,0.0
RRD,0.0
RPY,0.0
RPP,0.0
RPQ,0.0
RPR,0.0
RPS,0.0
RPT,0.0
RPW,0.0
RQE,0.0
RRC,0.0
RQG,0.0
RQP,0.0
RQR,0.0
RQT,0.0
RQW,0.0
RRA,0.0
RSN,0.0
RSP,0.0
RSR,0.0
RVR,0.0
RVG,0.0
RVI,0.0
RVK,0.0
RVN,0.0
RVP,0.0
RVQ,0.0
RVT,0.0
RVD,0.0
RVW,0.0
RVY,0.0
RWE,0.0
RWF,0.0
RWG,0.0
RWN,0.0
RVF,0.0
RVA,0.0
RSS,0.0
RTE,0.0
RST,0.0
RSV,0.0
RSY,0.0
RTA,0.0
RTC,0.0
RTD,0.0
RTG,0.0
RTY,0.0
RTL,0.0
RTP,0.0
RTQ,0.0
RTR,0.0
RTS,0.0
RTT,0.0
QRD,0.0
QQG,0.0
SGG,0.0
PAN,0.0
PFS,0.0
PFT,0.0
PFY,0.0
PGA,0.0
PGD,0.0
PGE,0.0
PGG,0.0
PGH,0.0
PGK,0.0
PGL,0.0
PGN,0.0
PGP,0.0
PGQ,0.0
PGR,0.0
PGS,0.0
PFM,0.0
PET,0.0
PES,0.0
PDF,0.0
PAS,0.0
PCE,0.0
PCG,0.0
PCQ,0.0
PCW,0.0
PDD,0.0
PDG,0.0
PEQ,0.0
PDR,0.0
PDT,0.0
PDW,0.0
PEA,0.0
PEN,0.0
PEP,0.0
PGT,0.0
PGV,0.0
PGW,0.0
PMR,0.0
PLN,0.0
PLS,0.0
PLV,0.0
PLY,0.0
PME,0.0
PMG,0.0
PMS,0.0
PLH,0.0
PNE,0.0
PNG,0.0
PNI,0.0
PNK,0.0
PNS,0.0
PNT,0.0
PLI,0.0
PLG,0.0
PGY,0.0
PIA,0.0
PHE,0.0
PHN,0.0
PHR,0.0
PHS,0.0
PHT,0.0
PHY,0.0
PIG,0.0
PLE,0.0
PIR,0.0
PKF,0.0
PKG,0.0
PKR,0.0
PKT,0.0
PLA,0.0
PAQ,0.0
PAL,0.0
PPD,0.0
PAG,0.0
NLG,0.0
NLH,0.0
NLI,0.0
NLK,0.0
NLQ,0.0
NLR,0.0
NNE,0.0
NNQ,0.0
NNR,0.0
NNS,0.0
NPC,0.0
NPG,0.0
NPR,0.0
NPS,0.0
NPT,0.0
NKN,0.0
NKG,0.0
NIR,0.0
NET,0.0
NDR,0.0
NDT,0.0
NEK,0.0
NEP,0.0
NEQ,0.0
NER,0.0
NFR,0.0
NIQ,0.0
NGG,0.0
NGP,0.0
NGT,0.0
NGY,0.0
NHY,0.0
NIN,0.0
NPY,0.0
NQE,0.0
NQG,0.0
NVY,0.0
NTI,0.0
NTN,0.0
NTQ,0.0
NVA,0.0
NVL,0.0
NVT,0.0
NWT,0.0
NTE,0.0
NYE,0.0
NYG,0.0
NYN,0.0
NYR,0.0
PAA,0.0
PAE,0.0
NTG,0.0
NSY,0.0
NQP,0.0
NRR,0.0
NQR,0.0
NRA,0.0
NRD,0.0
NRG,0.0
NRP,0.0
NRQ,0.0
NRT,0.0
NSV,0.0
NSA,0.0
NSG,0.0
NSI,0.0
NSN,0.0
NSP,0.0
NSS,0.0
PPC,0.0
PPE,0.0
QPY,0.0
QCG,0.0
QFI,0.0
QFP,0.0
QFR,0.0
QFT,0.0
QGA,0.0
QGD,0.0
QGE,0.0
QGF,0.0
QGG,0.0
QGH,0.0
QGI,0.0
QGK,0.0
QGL,0.0
QGM,0.0
QGN,0.0
QFG,0.0
QEY,0.0
QEV,0.0
QDT,0.0
QDE,0.0
QDL,0.0
QDN,0.0
QDQ,0.0
QDR,0.0
QDS,0.0
QDV,0.0
QET,0.0
QEA,0.0
QED,0.0
QEE,0.0
QEK,0.0
QEP,0.0
QES,0.0
QGP,0.0
QGQ,0.0
QGR,0.0
QNT,0.0
QLQ,0.0
QLS,0.0
QNE,0.0
QNN,0.0
QNR,0.0
QNS,0.0
QPG,0.0
QLL,0.0
QPI,0.0
QPL,0.0
QPN,0.0
QPQ,0.0
QPT,0.0
QPV,0.0
QLN,0.0
QLK,0.0
QGS,0.0
QIG,0.0
QGT,0.0
QGV,0.0
QGW,0.0
QGY,0.0
QHT,0.0
QIA,0.0
QIR,0.0
QLD,0.0
QIW,0.0
QIY,0.0
QKE,0.0
QKS,0.0
QKT,0.0
QKV,0.0
QDD,0.0
QAV,0.0
PPG,0.0
QAR,0.0
PRI,0.0
PRL,0.0
PRN,0.0
PRP,0.0
PRQ,0.0
PRS,0.0
PRT,0.0
PRY,0.0
PSA,0.0
PSG,0.0
PSK,0.0
PSL,0.0
PSN,0.0
PSP,0.0
PSQ,0.0
PRH,0.0
PRG,0.0
PRF,0.0
PPY,0.0
PPK,0.0
PPP,0.0
PPR,0.0
PPS,0.0
PPT,0.0
PPW,0.0
PQF,0.0
PRE,0.0
PQG,0.0
PQH,0.0
PQP,0.0
PQY,0.0
PRA,0.0
PRD,0.0
PSR,0.0
PSS,0.0
PST,0.0
QAA,0.0
PWT,0.0
PYA,0.0
PYE,0.0
PYG,0.0
PYN,0.0
PYY,0.0
QAD,0.0
PWF,0.0
QAE,0.0
QAF,0.0
QAH,0.0
QAK,0.0
QAP,0.0
QAQ,0.0
PWR,0.0
PWE,0.0
PSY,0.0
PTS,0.0
PTE,0.0
PTG,0.0
PTL,0.0
PTN,0.0
PTP,0.0
PTR,0.0
PTT,0.0
PWD,0.0
PTV,0.0
PTY,0.0
PVA,0.0
PVG,0.0
PVN,0.0
PVR,0.0
SGF,0.0
SGL,0.0
SGK,0.0
VGL,0.0
VKP,0.0
VKQ,0.0
VKT,0.0
VLD,0.0
VLG,0.0
VLN,0.0
VLQ,0.0
VLT,0.0
VNE,0.0
VNG,0.0
VNL,0.0
VNP,0.0
VNQ,0.0
VNR,0.0
VNS,0.0
VKH,0.0
VKG,0.0
VIS,0.0
VGY,0.0
VGN,0.0
VGP,0.0
VGQ,0.0
VGR,0.0
VGT,0.0
VGV,0.0
VHD,0.0
VIQ,0.0
VHG,0.0
VHR,0.0
VHS,0.0
VIG,0.0
VII,0.0
VIL,0.0
VNT,0.0
VPA,0.0
VPE,0.0
VSF,0.0
VRK,0.0
VRN,0.0
VRP,0.0
VRR,0.0
VRS,0.0
VRT,0.0
VSG,0.0
VRE,0.0
VSH,0.0
VSK,0.0
VSR,0.0
VSS,0.0
VST,0.0
VSV,0.0
VRG,0.0
VRD,0.0
VPG,0.0
VPV,0.0
VPI,0.0
VPK,0.0
VPL,0.0
VPM,0.0
VPS,0.0
VPT,0.0
VQD,0.0
VRA,0.0
VQE,0.0
VQG,0.0
VQI,0.0
VQP,0.0
VQQ,0.0
VQW,0.0
VGM,0.0
VGG,0.0
VTA,0.0
VGF,0.0
TTT,0.0
TTV,0.0
TTY,0.0
TVG,0.0
TVL,0.0
TVR,0.0
TVS,0.0
TVT,0.0
TVW,0.0
TVY,0.0
TWD,0.0
TWG,0.0
TWL,0.0
TYE,0.0
TYG,0.0
TTR,0.0
TTQ,0.0
TTP,0.0
TSR,0.0
TSE,0.0
TSG,0.0
TSK,0.0
TSM,0.0
TSN,0.0
TSQ,0.0
TSS,0.0
TTN,0.0
TST,0.0
TSV,0.0
TSY,0.0
TTE,0.0
TTG,0.0
TTI,0.0
TYI,0.0
TYN,0.0
TYP,0.0
VET,0.0
VDY,0.0
VEA,0.0
VED,0.0
VEE,0.0
VEI,0.0
VEK,0.0
VEV,0.0
VDR,0.0
VFE,0.0
VFP,0.0
VFT,0.0
VGA,0.0
VGD,0.0
VGE,0.0
VDT,0.0
VDQ,0.0
TYQ,0.0
VAY,0.0
VAA,0.0
VAG,0.0
VAK,0.0
VAL,0.0
VAN,0.0
VAS,0.0
VCA,0.0
VDL,0.0
VCG,0.0
VCN,0.0
VDE,0.0
VDG,0.0
VDH,0.0
VDK,0.0
VSY,0.0
VTD,0.0
TSA,0.0
WTS,0.0
YGL,0.0
YGS,0.0
YGT,0.0
YGV,0.0
YGY,0.0
YHQ,0.0
YIL,0.0
YIQ,0.0
YIS,0.0
YKE,0.0
YLA,0.0
YLG,0.0
YLN,0.0
YLT,0.0
YML,0.0
YGG,0.0
YGA,0.0
YFR,0.0
YAA,0.0
WVG,0.0
WVH,0.0
WVQ,0.0
WVR,0.0
WYE,0.0
WYN,0.0
YAR,0.0
YFN,0.0
YCC,0.0
YDQ,0.0
YEQ,0.0
YET,0.0
YEW,0.0
YFG,0.0
YNE,0.0
YNI,0.0
YNS,0.0
YSW,0.0
YSG,0.0
YSN,0.0
YSP,0.0
YSR,0.0
YSS,0.0
YST,0.0
YSY,0.0
YSA,0.0
YTE,0.0
YTH,0.0
YTI,0.0
YWP,0.0
YWY,0.0
YYG,0.0
YSE,0.0
YRV,0.0
YNV,0.0
YQE,0.0
YPE,0.0
YPG,0.0
YPH,0.0
YPP,0.0
YPS,0.0
YQD,0.0
YQP,0.0
YRT,0.0
YRA,0.0
YRD,0.0
YRG,0.0
YRN,0.0
YRP,0.0
YRR,0.0
WTV,0.0
WTR,0.0
VTE,0.0
WTQ,0.0
VYN,0.0
VYT,0.0
WAF,0.0
WAN,0.0
WDE,0.0
WDG,0.0
WDR,0.0
WDV,0.0
WEG,0.0
WEK,0.0
WEL,0.0
WEQ,0.0
WER,0.0
WFA,0.0
WGA,0.0
VYG,0.0
VYF,0.0
VYE,0.0
VVK,0.0
VTG,0.0
VTQ,0.0
VTR,0.0
VTT,0.0
VTV,0.0
VVH,0.0
VVQ,0.0
VWV,0.0
VVR,0.0
VVS,0.0
VVY,0.0
VWG,0.0
VWS,0.0
VWT,0.0
WGD,0.0
WGG,0.0
WGL,0.0
WSG,0.0
WRQ,0.0
WRR,0.0
WRV,0.0
WSA,0.0
WSC,0.0
WSE,0.0
WSN,0.0
WRG,0.0
WSP,0.0
WSS,0.0
WSV,0.0
WSY,0.0
WTG,0.0
WTP,0.0
WRN,0.0
WRD,0.0
WGN,0.0
WKT,0.0
WGR,0.0
WGT,0.0
WGY,0.0
WIK,0.0
WIV,0.0
WKK,0.0
WLA,0.0
WPG,0.0
WLN,0.0
WLT,0.0
WNE,0.0
WNR,0.0
WNT,0.0
WPD,0.0
TSD,0.0
TRY,0.0
NAD,0.0
SNY,0.0
SQF,0.0
SQG,0.0
SQI,0.0
SQK,0.0
SQL,0.0
SQN,0.0
SQP,0.0
SQR,0.0
SQV,0.0
SQY,0.0
SRA,0.0
SRD,0.0
SRE,0.0
SRG,0.0
SRI,0.0
SQE,0.0
SQD,0.0
SQA,0.0
SPL,0.0
SPD,0.0
SPE,0.0
SPG,0.0
SPH,0.0
SPI,0.0
SPK,0.0
SPM,0.0
SPW,0.0
SPN,0.0
SPP,0.0
SPQ,0.0
SPR,0.0
SPS,0.0
SPT,0.0
SRK,0.0
SRL,0.0
SRN,0.0
SSV,0.0
SSN,0.0
SSP,0.0
SSQ,0.0
SSR,0.0
SSS,0.0
SST,0.0
SSW,0.0
SSL,0.0
STA,0.0
STC,0.0
STD,0.0
STE,0.0
STG,0.0
STM,0.0
SSM,0.0
SSK,0.0
SRP,0.0
SRY,0.0
SRQ,0.0
SRR,0.0
SRS,0.0
SRT,0.0
SRV,0.0
SRW,0.0
SSA,0.0
SSI,0.0
SSC,0.0
SSD,0.0
SSE,0.0
SSF,0.0
SSG,0.0
SSH,0.0
SPA,0.0
SNT,0.0
STP,0.0
SNS,0.0
SHT,0.0
SID,0.0
SIE,0.0
SIG,0.0
SIH,0.0
SIL,0.0
SIP,0.0
SIS,0.0
SIT,0.0
SIW,0.0
SIY,0.0
SKA,0.0
SKF,0.0
SKG,0.0
SKI,0.0
SHS,0.0
SHR,0.0
SHQ,0.0
SGT,0.0
SGM,0.0
SGN,0.0
SGP,0.0
SGQ,0.0
SGR,0.0
SGS,0.0
SGV,0.0
SHP,0.0
SGW,0.0
SHF,0.0
SHG,0.0
SHH,0.0
SHL,0.0
SHN,0.0
SKM,0.0
SKN,0.0
SKQ,0.0
SNE,0.0
SLV,0.0
SLW,0.0
SLY,0.0
SMD,0.0
SME,0.0
SMG,0.0
SNG,0.0
SLS,0.0
SNK,0.0
SNL,0.0
SNN,0.0
SNP,0.0
SNQ,0.0
SNR,0.0
SLT,0.0
SLR,0.0
SKR,0.0
SLF,0.0
SKT,0.0
SKV,0.0
SKY,0.0
SLA,0.0
SLD,0.0
SLE,0.0
SLG,0.0
SLQ,0.0
SLH,0.0
SLI,0.0
SLK,0.0
SLL,0.0
SLN,0.0
SLP,0.0
STN,0.0
STQ,0.0
TRV,0.0
TEK,0.0
TGS,0.0
TGT,0.0
TGV,0.0
TGW,0.0
TGY,0.0
THG,0.0
TIK,0.0
TIR,0.0
TIY,0.0
TKT,0.0
TLA,0.0
TLE,0.0
TLG,0.0
TLL,0.0
TLR,0.0
TGR,0.0
TGQ,0.0
TGN,0.0
TGC,0.0
TEN,0.0
TEQ,0.0
TET,0.0
TEV,0.0
TEY,0.0
TGA,0.0
TGD,0.0
TGM,0.0
TGE,0.0
TGF,0.0
TGG,0.0
TGI,0.0
TGK,0.0
TGL,0.0
TMR,0.0
TNE,0.0
TNI,0.0
TRG,0.0
TQN,0.0
TQT,0.0
TQY,0.0
TRA,0.0
TRE,0.0
TRF,0.0
TRI,0.0
TQH,0.0
TRL,0.0
TRM,0.0
TRP,0.0
TRQ,0.0
TRR,0.0
TRS,0.0
TQI,0.0
TQG,0.0
TNN,0.0
TPG,0.0
TNR,0.0
TNS,0.0
TNT,0.0
TNY,0.0
TPE,0.0
TPF,0.0
TPL,0.0
TQE,0.0
TPP,0.0
TPQ,0.0
TPR,0.0
TPS,0.0
TPT,0.0
TQA,0.0
TEL,0.0
TEG,0.0
STR,0.0
TED,0.0
SVS,0.0
SVT,0.0
SVV,0.0
SVW,0.0
SVY,0.0
SWD,0.0
SWE,0.0
SWG,0.0
SWK,0.0
SWL,0.0
SWP,0.0
SWR,0.0
SWS,0.0
SWT,0.0
SWV,0.0
SVR,0.0
SVQ,0.0
SVP,0.0
SVD,0.0
STS,0.0
STT,0.0
STW,0.0
STY,0.0
SVA,0.0
SVC,0.0
SVE,0.0
SVN,0.0
SVF,0.0
SVG,0.0
SVH,0.0
SVI,0.0
SVK,0.0
SVL,0.0
SWY,0.0
SYA,0.0
SYE,0.0
TDG,0.0
TAT,0.0
TAV,0.0
TCE,0.0
TCQ,0.0
TCR,0.0
TCS,0.0
TDK,0.0
TAN,0.0
TDP,0.0
TDQ,0.0
TDR,0.0
TDT,0.0
TDY,0.0
TEA,0.0
TAS,0.0
TAL,0.0
SYF,0.0
SYQ,0.0
SYG,0.0
SYI,0.0
SYL,0.0
SYM,0.0
SYN,0.0
SYP,0.0
SYR,0.0
TAK,0.0
SYS,0.0
SYT,0.0
SYW,0.0
TAA,0.0
TAD,0.0
TAG,0.0
NCR,0.0
NAA,0.0
AAC,0.0
EDE,0.0
EGD,0.0
EGE,0.0
EGG,0.0
EGI,0.0
EGL,0.0
EGM,0.0
EGP,0.0
EGR,0.0
EGS,0.0
EGT,0.0
EHK,0.0
EHP,0.0
EHT,0.0
EIR,0.0
EKA,0.0
EGC,0.0
EGA,0.0
EFT,0.0
EDT,0.0
EDL,0.0
EDN,0.0
EDP,0.0
EDQ,0.0
EDR,0.0
EDS,0.0
EED,0.0
EFP,0.0
EEF,0.0
EEG,0.0
EEM,0.0
EEQ,0.0
EES,0.0
EET,0.0
EKE,0.0
EKG,0.0
EKL,0.0
ERD,0.0
EQE,0.0
EQF,0.0
EQG,0.0
EQP,0.0
EQR,0.0
EQY,0.0
ERE,0.0
EPT,0.0
ERF,0.0
ERG,0.0
ERP,0.0
ERR,0.0
ERS,0.0
ESA,0.0
EPV,0.0
EPQ,0.0
EKP,0.0
ENI,0.0
ELF,0.0
ELG,0.0
ELH,0.0
ELP,0.0
ELY,0.0
EMY,0.0
ENL,0.0
EPM,0.0
ENQ,0.0
ENT,0.0
ENW,0.0
EPC,0.0
EPG,0.0
EPK,0.0
EDF,0.0
EDA,0.0
ESG,0.0
ECS,0.0
DRS,0.0
DRT,0.0
DRV,0.0
DRW,0.0
DSA,0.0
DSD,0.0
DSF,0.0
DSG,0.0
DSI,0.0
DSK,0.0
DSL,0.0
DSN,0.0
DSQ,0.0
DSR,0.0
DSS,0.0
DRR,0.0
DRQ,0.0
DRP,0.0
DRA,0.0
DPS,0.0
DQG,0.0
DQI,0.0
DQN,0.0
DQP,0.0
DQS,0.0
DRD,0.0
DRN,0.0
DRE,0.0
DRG,0.0
DRI,0.0
DRK,0.0
DRL,0.0
DRM,0.0
DST,0.0
DSW,0.0
DSY,0.0
EAK,0.0
DYT,0.0
EAA,0.0
EAE,0.0
EAF,0.0
EAG,0.0
EAH,0.0
EAN,0.0
DYG,0.0
EAQ,0.0
EAR,0.0
EAT,0.0
EAV,0.0
EAY,0.0
ECC,0.0
DYS,0.0
DYE,0.0
DTD,0.0
DVI,0.0
DTE,0.0
DTG,0.0
DTI,0.0
DTQ,0.0
DTY,0.0
DVG,0.0
DVN,0.0
DWT,0.0
DVQ,0.0
DVR,0.0
DVS,0.0
DWD,0.0
DWG,0.0
DWN,0.0
ESE,0.0
ESN,0.0
DPQ,0.0
FRW,0.0
GAF,0.0
GAG,0.0
GAH,0.0
GAI,0.0
GAK,0.0
GAN,0.0
GAP,0.0
GAQ,0.0
GAR,0.0
GAS,0.0
GAW,0.0
GAY,0.0
GCE,0.0
GCS,0.0
GCT,0.0
GAE,0.0
GAD,0.0
GAA,0.0
FTS,0.0
FSN,0.0
FTD,0.0
FTE,0.0
FTG,0.0
FTQ,0.0
FTR,0.0
FTY,0.0
FYP,0.0
FVD,0.0
FVG,0.0
FVH,0.0
FWE,0.0
FYE,0.0
FYN,0.0
GCW,0.0
GCY,0.0
GDE,0.0
GFE,0.0
GEQ,0.0
GER,0.0
GES,0.0
GET,0.0
GEY,0.0
GFA,0.0
GFF,0.0
GEN,0.0
GFG,0.0
GFK,0.0
GFL,0.0
GFQ,0.0
GFR,0.0
GFT,0.0
GEP,0.0
GEL,0.0
GDG,0.0
GDS,0.0
GDK,0.0
GDL,0.0
GDN,0.0
GDP,0.0
GDQ,0.0
GDR,0.0
GDT,0.0
GEG,0.0
GDV,0.0
GDW,0.0
GEA,0.0
GEC,0.0
GED,0.0
GEE,0.0
FSG,0.0
FRQ,0.0
ESQ,0.0
FRN,0.0
EYS,0.0
EYY,0.0
FAC,0.0
FAD,0.0
FAG,0.0
FAK,0.0
FAN,0.0
FAQ,0.0
FAR,0.0
FAS,0.0
FAT,0.0
FDR,0.0
FEG,0.0
FEQ,0.0
FET,0.0
EYR,0.0
EYG,0.0
EYE,0.0
ETG,0.0
ESR,0.0
ESS,0.0
EST,0.0
ETA,0.0
ETD,0.0
ETE,0.0
ETP,0.0
EWA,0.0
ETQ,0.0
EVD,0.0
EVQ,0.0
EVS,0.0
EVT,0.0
EVY,0.0
FEY,0.0
FFA,0.0
FFT,0.0
FPW,0.0
FPA,0.0
FPG,0.0
FPH,0.0
FPK,0.0
FPP,0.0
FPS,0.0
FPY,0.0
FMK,0.0
FQP,0.0
FQY,0.0
FRC,0.0
FRD,0.0
FRE,0.0
FRG,0.0
FNV,0.0
FLS,0.0
FGA,0.0
FGW,0.0
FGD,0.0
FGG,0.0
FGN,0.0
FGQ,0.0
FGS,0.0
FGT,0.0
FHP,0.0
FLQ,0.0
FIR,0.0
FIT,0.0
FKP,0.0
FLA,0.0
FLG,0.0
FLN,0.0
DPR,0.0
DPP,0.0
GFY,0.0
AIV,0.0
ALS,0.0
ALT,0.0
ALV,0.0
ANE,0.0
ANG,0.0
ANN,0.0
ANP,0.0
ANQ,0.0
ANR,0.0
ANS,0.0
ANT,0.0
ANV,0.0
APD,0.0
APE,0.0
APF,0.0
ALR,0.0
ALP,0.0
ALL,0.0
AKR,0.0
AKG,0.0
AKI,0.0
AKL,0.0
AKM,0.0
AKN,0.0
AKP,0.0
AKS,0.0
ALI,0.0
AKW,0.0
ALA,0.0
ALD,0.0
ALF,0.0
ALG,0.0
ALH,0.0
APG,0.0
APL,0.0
APN,0.0
ARP,0.0
ARG,0.0
ARI,0.0
ARK,0.0
ARL,0.0
ARM,0.0
ARN,0.0
ARQ,0.0
ARD,0.0
ARR,0.0
ARS,0.0
ART,0.0
ARV,0.0
ASA,0.0
ASD,0.0
ARE,0.0
ARA,0.0
APQ,0.0
AQG,0.0
APR,0.0
APS,0.0
APT,0.0
APV,0.0
AQA,0.0
AQE,0.0
AQH,0.0
AQY,0.0
AQI,0.0
AQK,0.0
AQL,0.0
AQR,0.0
AQV,0.0
AQW,0.0
AKE,0.0
AIS,0.0
ASF,0.0
AIR,0.0
ADD,0.0
ADE,0.0
ADL,0.0
ADM,0.0
ADN,0.0
ADQ,0.0
ADR,0.0
ADS,0.0
ADT,0.0
AEA,0.0
AEG,0.0
AEK,0.0
AEN,0.0
AEP,0.0
AEQ,0.0
ADA,0.0
ACL,0.0
ACK,0.0
AAL,0.0
AAD,0.0
AAE,0.0
AAF,0.0
AAG,0.0
AAH,0.0
AAK,0.0
AAN,0.0
ACD,0.0
AAP,0.0
AAQ,0.0
AAR,0.0
AAT,0.0
AAV,0.0
AAY,0.0
AER,0.0
AET,0.0
AFF,0.0
AHT,0.0
AGY,0.0
AHA,0.0
AHG,0.0
AHN,0.0
AHQ,0.0
AHS,0.0
AHW,0.0
AGV,0.0
AIA,0.0
AIC,0.0
AIE,0.0
AIG,0.0
AII,0.0
AIP,0.0
AGW,0.0
AGT,0.0
AFG,0.0
AGG,0.0
AFR,0.0
AFT,0.0
AGA,0.0
AGC,0.0
AGD,0.0
AGE,0.0
AGH,0.0
AGS,0.0
AGK,0.0
AGL,0.0
AGM,0.0
AGN,0.0
AGQ,0.0
AGR,0.0
ASE,0.0
ASG,0.0
DPH,0.0
CRT,0.0
DDA,0.0
DDG,0.0
DDN,0.0
DDS,0.0
DDV,0.0
DDY,0.0
DEA,0.0
DED,0.0
DEE,0.0
DEK,0.0
DEL,0.0
DEQ,0.0
DEV,0.0
DFA,0.0
DFG,0.0
DCG,0.0
DAT,0.0
DAR,0.0
CWR,0.0
CSI,0.0
CSP,0.0
CSY,0.0
CTD,0.0
CTS,0.0
CWE,0.0
CYE,0.0
DAN,0.0
CYG,0.0
CYN,0.0
DAD,0.0
DAF,0.0
DAI,0.0
DAK,0.0
DFP,0.0
DFR,0.0
DFV,0.0
DNG,0.0
DLS,0.0
DLT,0.0
DLY,0.0
DMT,0.0
DMW,0.0
DNE,0.0
DNI,0.0
DLL,0.0
DNQ,0.0
DNS,0.0
DNT,0.0
DPA,0.0
DPD,0.0
DPG,0.0
DLR,0.0
DLG,0.0
DGA,0.0
DHG,0.0
DGG,0.0
DGI,0.0
DGP,0.0
DGV,0.0
DGY,0.0
DHD,0.0
DHQ,0.0
DLE,0.0
DHS,0.0
DIS,0.0
DKG,0.0
DKI,0.0
DKK,0.0
DLD,0.0
CSG,0.0
CRR,0.0
ASH,0.0
CRN,0.0
ATP,0.0
ATQ,0.0
ATR,0.0
ATS,0.0
ATT,0.0
ATV,0.0
ATW,0.0
ATY,0.0
AVD,0.0
AVE,0.0
AVG,0.0
AVK,0.0
AVL,0.0
AVN,0.0
AVP,0.0
ATN,0.0
ATL,0.0
ATK,0.0
ASR,0.0
ASI,0.0
ASK,0.0
ASL,0.0
ASN,0.0
ASP,0.0
ASQ,0.0
AST,0.0
ATI,0.0
ASV,0.0
ASY,0.0
ATA,0.0
ATD,0.0
ATE,0.0
ATG,0.0
AVR,0.0
AVW,0.0
AVY,0.0
CNQ,0.0
CEQ,0.0
CGA,0.0
CGE,0.0
CGS,0.0
CKG,0.0
CLK,0.0
CNS,0.0
CDT,0.0
CPG,0.0
CPP,0.0
CQE,0.0
CQG,0.0
CQK,0.0
CRG,0.0
CEA,0.0
CCS,0.0
AWG,0.0
AYG,0.0
AWI,0.0
AWN,0.0
AWR,0.0
AWS,0.0
AWT,0.0
AYE,0.0
AYN,0.0
CCR,0.0
AYP,0.0
AYQ,0.0
AYR,0.0
AYS,0.0
CAA,0.0
CAE,0.0
GFW,0.0
GGA,0.0
MYR,0.0
KPV,0.0
KTG,0.0
KTR,0.0
KTS,0.0
KTV,0.0
KTY,0.0
KVG,0.0
KVI,0.0
KVL,0.0
KVN,0.0
KVQ,0.0
KVR,0.0
KVT,0.0
KWG,0.0
KYN,0.0
KYP,0.0
KTD,0.0
KTC,0.0
KSY,0.0
KRS,0.0
KQG,0.0
KRE,0.0
KRG,0.0
KRL,0.0
KRQ,0.0
KRR,0.0
KRT,0.0
KSS,0.0
KRV,0.0
KRY,0.0
KSG,0.0
KSN,0.0
KSP,0.0
KSR,0.0
LAA,0.0
LAD,0.0
LAE,0.0
LEQ,0.0
LDV,0.0
LDY,0.0
LED,0.0
LEG,0.0
LEK,0.0
LEN,0.0
LET,0.0
LDR,0.0
LEV,0.0
LFA,0.0
LFG,0.0
LFL,0.0
LGA,0.0
LGD,0.0
LDT,0.0
LDP,0.0
LAF,0.0
LAT,0.0
LAG,0.0
LAK,0.0
LAL,0.0
LAP,0.0
LAR,0.0
LAS,0.0
LAV,0.0
LDL,0.0
LAY,0.0
LDA,0.0
LDD,0.0
LDE,0.0
LDG,0.0
LDH,0.0
KPY,0.0
KPS,0.0
LGG,0.0
KPR,0.0
IWD,0.0
IWS,0.0
IWT,0.0
IYE,0.0
IYG,0.0
IYN,0.0
IYY,0.0
KAA,0.0
KAG,0.0
KAK,0.0
KAN,0.0
KAT,0.0
KDE,0.0
KDQ,0.0
KDT,0.0
IVT,0.0
IVS,0.0
IVR,0.0
ISL,0.0
IRT,0.0
IRV,0.0
ISA,0.0
ISD,0.0
ISE,0.0
ISG,0.0
ISP,0.0
IVG,0.0
ISR,0.0
ISS,0.0
IST,0.0
ISY,0.0
ITP,0.0
ITR,0.0
KED,0.0
KEG,0.0
KEP,0.0
KND,0.0
KKR,0.0
KKV,0.0
KLF,0.0
KLG,0.0
KLP,0.0
KMG,0.0
KNI,0.0
KIV,0.0
KNK,0.0
KNN,0.0
KNT,0.0
KPD,0.0
KPG,0.0
KPP,0.0
KKP,0.0
KIR,0.0
KET,0.0
KGK,0.0
KFR,0.0
KFT,0.0
KFY,0.0
KGA,0.0
KGG,0.0
KGI,0.0
KGL,0.0
KHT,0.0
KGN,0.0
KGQ,0.0
KGR,0.0
KGS,0.0
KGT,0.0
KGY,0.0
LGE,0.0
LGL,0.0
IRR,0.0
LRN,0.0
LTA,0.0
LTD,0.0
LTE,0.0
LTG,0.0
LTP,0.0
LTR,0.0
LTS,0.0
LTY,0.0
LVA,0.0
LVG,0.0
LVI,0.0
LVK,0.0
LVN,0.0
LVQ,0.0
LVS,0.0
LSY,0.0
LSV,0.0
LST,0.0
LSG,0.0
LRR,0.0
LRT,0.0
LRW,0.0
LRY,0.0
LSA,0.0
LSD,0.0
LSH,0.0
LSS,0.0
LSK,0.0
LSL,0.0
LSN,0.0
LSP,0.0
LSQ,0.0
LSR,0.0
LVT,0.0
LVV,0.0
LWL,0.0
MRG,0.0
MKG,0.0
MLA,0.0
MNA,0.0
MNT,0.0
MPG,0.0
MQG,0.0
MRR,0.0
MGQ,0.0
MRT,0.0
MSS,0.0
MTD,0.0
MTP,0.0
MTW,0.0
MWY,0.0
MGV,0.0
MGN,0.0
LWS,0.0
LYT,0.0
LWT,0.0
LYC,0.0
LYE,0.0
LYN,0.0
LYQ,0.0
LYS,0.0
MAE,0.0
MGH,0.0
MDR,0.0
MEA,0.0
MEK,0.0
MEN,0.0
MET,0.0
MGA,0.0
LRQ,0.0
LRI,0.0
LGN,0.0
LRG,0.0
LKA,0.0
LKG,0.0
LKK,0.0
LKL,0.0
LKN,0.0
LKP,0.0
LKR,0.0
LKS,0.0
LKV,0.0
LLA,0.0
LLD,0.0
LLE,0.0
LLG,0.0
LLK,0.0
LLL,0.0
LIV,0.0
LIR,0.0
LIL,0.0
LGY,0.0
LGP,0.0
LGQ,0.0
LGR,0.0
LGS,0.0
LGV,0.0
LGW,0.0
LHA,0.0
LIG,0.0
LHE,0.0
LHG,0.0
LHR,0.0
LHY,0.0
LIA,0.0
LIE,0.0
LLM,0.0
LLN,0.0
LLP,0.0
LQG,0.0
LPR,0.0
LPS,0.0
LPT,0.0
LQA,0.0
LQE,0.0
LQF,0.0
LQH,0.0
LPP,0.0
LQK,0.0
LQP,0.0
LQS,0.0
LRA,0.0
LRD,0.0
LRE,0.0
LPQ,0.0
LPN,0.0
LLQ,0.0
LNL,0.0
LLT,0.0
LLY,0.0
LMA,0.0
LMN,0.0
LNC,0.0
LNF,0.0
LNQ,0.0
LPL,0.0
LNR,0.0
LNS,0.0
LNT,0.0
LNY,0.0
LPA,0.0
LPG,0.0
IRS,0.0
IRN,0.0
GGC,0.0
GNQ,0.0
GQA,0.0
GQD,0.0
GQE,0.0
GQF,0.0
GQG,0.0
GQH,0.0
GQI,0.0
GQL,0.0
GQN,0.0
GQP,0.0
GQQ,0.0
GQR,0.0
GQT,0.0
GQV,0.0
GQY,0.0
GPW,0.0
GPT,0.0
GPS,0.0
GPE,0.0
GNS,0.0
GNT,0.0
GNY,0.0
GPA,0.0
GPC,0.0
GPD,0.0
GPG,0.0
GPR,0.0
GPH,0.0
GPL,0.0
GPM,0.0
GPN,0.0
GPP,0.0
GPQ,0.0
GRA,0.0
GRD,0.0
GRE,0.0
GST,0.0
GSK,0.0
GSN,0.0
GSP,0.0
GSQ,0.0
GSR,0.0
GSS,0.0
GSV,0.0
GSG,0.0
GSY,0.0
GTA,0.0
GTD,0.0
GTE,0.0
GTG,0.0
GTL,0.0
GSH,0.0
GSE,0.0
GRF,0.0
GRQ,0.0
GRG,0.0
GRH,0.0
GRK,0.0
GRL,0.0
GRN,0.0
GRP,0.0
GRR,0.0
GSD,0.0
GRS,0.0
GRT,0.0
GRV,0.0
GRW,0.0
GRY,0.0
GSA,0.0
GNR,0.0
GNP,0.0
GTP,0.0
GNI,0.0
GHE,0.0
GHG,0.0
GHL,0.0
GHP,0.0
GHQ,0.0
GHR,0.0
GHS,0.0
GHT,0.0
GHV,0.0
GHY,0.0
GIG,0.0
GIH,0.0
GIK,0.0
GIL,0.0
GIN,0.0
GGY,0.0
GGW,0.0
GGV,0.0
GGK,0.0
GGD,0.0
GGE,0.0
GGF,0.0
GGG,0.0
GGH,0.0
GGI,0.0
GGL,0.0
GGT,0.0
GGM,0.0
GGN,0.0
GGP,0.0
GGQ,0.0
GGR,0.0
GGS,0.0
GIP,0.0
GIR,0.0
GIS,0.0
GLY,0.0
GLN,0.0
GLP,0.0
GLQ,0.0
GLR,0.0
GLS,0.0
GLV,0.0
GME,0.0
GLK,0.0
GMG,0.0
GMP,0.0
GMT,0.0
GNA,0.0
GNE,0.0
GNG,0.0
GLL,0.0
GLI,0.0
GIY,0.0
GKR,0.0
GKA,0.0
GKD,0.0
GKG,0.0
GKL,0.0
GKN,0.0
GKP,0.0
GKS,0.0
GLH,0.0
GKT,0.0
GLA,0.0
GLD,0.0
GLE,0.0
GLF,0.0
GLG,0.0
GTN,0.0
GTQ,0.0
IRK,0.0
HRR,0.0
IAH,0.0
IAL,0.0
IAY,0.0
ICN,0.0
IDR,0.0
IDW,0.0
IEE,0.0
IEF,0.0
IEK,0.0
IEP,0.0
IET,0.0
IGD,0.0
IGF,0.0
IGG,0.0
IGL,0.0
IAG,0.0
IAF,0.0
IAD,0.0
HTG,0.0
HSP,0.0
HSR,0.0
HSS,0.0
HSY,0.0
HTD,0.0
HTE,0.0
HTV,0.0
IAA,0.0
HVV,0.0
HWV,0.0
HYE,0.0
HYG,0.0
HYN,0.0
HYS,0.0
IGP,0.0
IGQ,0.0
IGR,0.0
IPQ,0.0
INN,0.0
INQ,0.0
INT,0.0
IPG,0.0
IPH,0.0
IPP,0.0
IPR,0.0
IMN,0.0
IPT,0.0
IQN,0.0
IQY,0.0
IRA,0.0
IRD,0.0
IRG,0.0
INE,0.0
ILV,0.0
IGT,0.0
IIR,0.0
IGY,0.0
IHN,0.0
IHP,0.0
IIG,0.0
IIL,0.0
IIN,0.0
IIS,0.0
ILS,0.0
IKG,0.0
IKN,0.0
IKS,0.0
ILA,0.0
ILE,0.0
ILL,0.0
HSN,0.0
HRG,0.0
GTR,0.0
HRA,0.0
GWG,0.0
GWI,0.0
GWL,0.0
GWR,0.0
GWS,0.0
GWT,0.0
GYD,0.0
GYE,0.0
GYG,0.0
GYH,0.0
GYK,0.0
GYL,0.0
GYN,0.0
GYP,0.0
GYR,0.0
GWE,0.0
GVY,0.0
GVV,0.0
GVD,0.0
GTS,0.0
GTT,0.0
GTV,0.0
GTY,0.0
GVA,0.0
GVC,0.0
GVE,0.0
GVS,0.0
GVG,0.0
GVI,0.0
GVL,0.0
GVN,0.0
GVP,0.0
GVR,0.0
GYS,0.0
GYT,0.0
GYW,0.0
HPK,0.0
HLK,0.0
HLT,0.0
HNE,0.0
HNS,0.0
HPG,0.0
HPH,0.0
HPP,0.0
HHA,0.0
HPR,0.0
HPY,0.0
HQA,0.0
HQC,0.0
HQP,0.0
HQT,0.0
HKD,0.0
HGY,0.0
GYY,0.0
HED,0.0
HAG,0.0
HAQ,0.0
HAV,0.0
HDR,0.0
HDS,0.0
HEA,0.0
HEQ,0.0
HGT,0.0
HFR,0.0
HFY,0.0
HGA,0.0
HGC,0.0
HGG,0.0
HGQ,0.0
YYR,0.0
